,Fund Name,P1,P2,P3,P4,P5,Topsis Score,Ranks
0,M1,0.62,0.38,3.9,45.9,12.7,0.3807249540423251,7
1,M2,0.62,0.38,5.6,67.9,18.63,0.6024950877478705,2
2,M3,0.79,0.62,4.8,50.2,14.1,0.4274736756131985,6
3,M4,0.7,0.49,4.1,69.0,18.57,0.4834989159429372,4
4,M5,0.77,0.59,5.8,41.1,12.07,0.49420549483867954,3
5,M6,0.69,0.48,3.8,53.5,14.62,0.36184461200476165,8
6,M7,0.73,0.53,3.8,65.6,17.67,0.44052316917155404,5
7,M8,0.76,0.58,6.3,62.5,17.54,0.6332558775786098,1
